# Mapa de 301 desde blog.antesupalabra.com. Una fila por URL: origen,destino.
# Los 11 artículos se trajeron el 21-9-2026 desde la API REST del blog viejo
# (tools/importar-blog.php) conservando el slug. Van explícitos igual: si
# alguno cambia de slug en el futuro, la regla genérica dejaría de cubrirlo.
origen,destino
/,/recursos/
/inicio/,/recursos/
/category/pastorado/,/recursos/categoria/pastorado/
/category/devocional/,/recursos/categoria/devocional/
/category/vida-cristiana/,/recursos/categoria/vida-cristiana/
/nosotros/,/nosotros/
/dudas-de-tu-llamado-pastoral/,/recursos/dudas-de-tu-llamado-pastoral/
/puedo-tomar-mate-los-lunes/,/recursos/puedo-tomar-mate-los-lunes/
/la-clave-para-un-ministerio-perdurable/,/recursos/la-clave-para-un-ministerio-perdurable/
/la-importancia-de-buscar-a-dios-mas-alla-de-la-actividad-ministerial/,/recursos/la-importancia-de-buscar-a-dios-mas-alla-de-la-actividad-ministerial/
/apto-para-ensenar/,/recursos/apto-para-ensenar/
/capacitados-para-cualquier-situacion/,/recursos/capacitados-para-cualquier-situacion/
/te-han-dicho-que-en-tu-iglesia-no-hay-amor/,/recursos/te-han-dicho-que-en-tu-iglesia-no-hay-amor/
/el-pastor-frente-a-los-falsos-maestros-1/,/recursos/el-pastor-frente-a-los-falsos-maestros-1/
/dando-gracias-por-pastores-fieles/,/recursos/dando-gracias-por-pastores-fieles/
/el-pastor-frente-a-los-falsos-maestros-2/,/recursos/el-pastor-frente-a-los-falsos-maestros-2/
/el-pastor-frente-a-los-falsos-maestros-3/,/recursos/el-pastor-frente-a-los-falsos-maestros-3/
/author/ricardo/,/personas/ricardo-daglio/
/author/joselo/,/personas/joselo-mercado/
/author/enrique_oriolo/,/recursos/
# Sitio institucional viejo (antesupalabra.com), según su sitemap de Yoast.
# Las páginas de conferencias con un evento del mismo slug (/la-iglesia/,
# /dios-es-el-evangelio/, etc.) las cubre la regla genérica de redirects.php.
/sitemap_index.xml,/wp-sitemap.xml
/author/enrique/,/recursos/
/go/conferencia-top/,/eventos/
/go/conferencia-bottom/,/eventos/
/go/pre-conferencia-top/,/eventos/
/go/pre-conferencia-bottom/,/eventos/
# Páginas y entradas del institucional sin evento equivalente cargado
# (30-9-2026, al pasar el dominio). Van al lugar más cercano que existe; no
# se migró su texto. El sitio viejo quedó respaldado entero (ver
# docs/produccion.md): si el ministerio decide migrar alguna entrada verbatim,
# se carga como artículo con el mismo slug y se borra su fila de acá.
/conferencia-2023-denton/,/iniciativas/conferencia-ante-su-palabra-en-estados-unidos/
/preguntas-frecuentes-denton2022/,/iniciativas/conferencia-ante-su-palabra-en-estados-unidos/
/retiro-de-pastores-2023/,/eventos/
/retiro-de-pastores-2023-audios/,/eventos/
/6-cosas-que-miembros-deben-evitar-en-tiempos-de-pandemia/,/recursos/
/6-cosas-que-miembros-deben-evitar-en-tiempos-de-pandemia-2/,/recursos/
/6-cosas-que-miembros-deben-evitar-en-tiempos-de-pandemia-3/,/recursos/
/6-cosas-que-miembros-deben-evitar-en-tiempos-de-pandemia-4/,/recursos/
/lidiando-con-la-ansiedad-en-el-ministerio/,/recursos/
